{
    "data": {
        "experiment": "2024_03_05-16_12_50_sysid_h1_blue",
        "convert_mcap": false
    },
    "learning_params": {
        "learning_rate": 0.0001,
        "nb_epochs": 1000,
        "batch_size": 512,
        "testing_share": 0.1,
        "encoder_length": 20,
        "prediction_length": 50
    },
    "model": {
        "load_model": false,
        "model_path": "models/2024_03_05-16_12_50/model.pt",
        "thrust_poly_order": 3,
        "learn_configuration_matrix": false,
        "learn_center_of_mass": true,
        "learn_inertia": true,
        "learn_mass": false,
        "learn_tau": true,
        "learn_signal2thrust": true,
        "learn_motor_angle_offset": true,
        "learn_motors_vec": false,
        "learn_motors_pos": false,
        "lr_mul_configuration_matrix": 1,
        "lr_mul_center_of_mass": 1,
        "lr_mul_inertia": 0.1,
        "lr_mul_mass": 1,
        "lr_mul_tau": 1,
        "lr_mul_signal2thrust": 1,
        "lr_mul_motor_angle_offset": 1,
        "lr_mul_motors_vec": 1,
        "lr_mul_motors_pos": 1
    },
    "default_model_params": {
        "motor_distance": 0.046532,
        "motor_angle_offset": 0.0,
        "motor_angel_delta": 0.32822,
        "center_of_mass": [0.0, 0.0, 0.0],
        "mass": 0.1446,
        "inertia": 0.0005356,
        "signal2thrust": [
            [0.026828422632851595, 1.050842947701885, -0.43371886420836747],
            [0.026828422632851595, 1.050842947701885, -0.43371886420836747],
            [0.026828422632851595, 1.050842947701885, -0.43371886420836747],
            [0.026828422632851595, 1.050842947701885, -0.43371886420836747],
            [0.026828422632851595, 1.050842947701885, -0.43371886420836747],
            [0.026828422632851595, 1.050842947701885, -0.43371886420836747]
        ],
        "tau": 0.03
    },
    "model_params_init": {
        "center_of_mass": [0.0, 0.0, 0.0],
        "mass": 0.1446000039577484,
        "inertia": 0.0005356000037863851,
        "configuration_matrix": [
            [0.0, 0.0, -5.989109992980957, 5.989109992980957, 5.989110469818115, -5.989110469818115],
            [6.915628910064697, -6.915628910064697, -3.457814931869507, 3.457814931869507, -3.4578137397766113, 3.4578137397766113],
            [82.2405014038086, -82.2405014038086, 82.24050903320312, -82.24050903320312, 82.24050903320312, -82.2405014038086]
        ],
        "signal2thrust": [
            [0.026828423142433167, 1.0508430004119873, -0.43371886014938354],
            [0.026828423142433167, 1.0508430004119873, -0.43371886014938354],
            [0.026828423142433167, 1.0508430004119873, -0.43371886014938354],
            [0.026828423142433167, 1.0508430004119873, -0.43371886014938354],
            [0.026828423142433167, 1.0508430004119873, -0.43371886014938354],
            [0.026828423142433167, 1.0508430004119873, -0.43371886014938354]
        ],
        "motor_angle_offset": 0.0,
        "motors_vec": [
            [-0.0, 1.0, 0.0],
            [0.0, -1.0, 0.0],
            [-0.8660253882408142, -0.5000000596046448, 0.0],
            [0.8660253882408142, 0.5000000596046448, 0.0],
            [0.866025447845459, -0.49999991059303284, 0.0],
            [-0.866025447845459, 0.49999991059303284, 0.0]
        ],
        "motors_pos": [
            [0.044048015028238297, -0.014999989420175552, 0.0],
            [0.044048015028238297, 0.014999989420175552, 0.0],
            [-0.00903363712131977, 0.04564669355750084, 0.0],
            [-0.035014376044273376, 0.030646707862615585, 0.0],
            [-0.03501437231898308, -0.030646713450551033, 0.0],
            [-0.009033634327352047, -0.04564669355750084, 0.0]
        ],
        "tau": 0.029999999329447746
    },
    "model_params": {
        "center_of_mass": [-0.00031318824039772153, 0.0005732844001613557, 0.0],
        "mass": 0.1446000039577484,
        "inertia": 0.00029354222351685166,
        "configuration_matrix": [
            [0.0, 0.0, -5.989109992980957, 5.989109992980957, 5.989110469818115, -5.989110469818115],
            [6.915628910064697, -6.915628910064697, -3.457814931869507, 3.457814931869507, -3.4578137397766113, 3.4578137397766113],
            [82.2405014038086, -82.2405014038086, 82.24050903320312, -82.24050903320312, 82.24050903320312, -82.2405014038086]
        ],
        "signal2thrust": [
            [0.07652182877063751, 0.8706935048103333, -0.3905089199542999],
            [0.04660314321517944, 1.0407768487930298, -0.5941015481948853],
            [0.08456920832395554, 0.8191167712211609, -0.36246946454048157],
            [0.06159919127821922, 0.9279240965843201, -0.4115684926509857],
            [0.0826088935136795, 1.0362147092819214, -0.6056193709373474],
            [0.07228761166334152, 0.8923395276069641, -0.4520992040634155]
        ],
        "motor_angle_offset": -0.00892887357622385,
        "motors_vec": [
            [0.008928755298256874, 0.9999601244926453, 0.0],
            [-0.008928755298256874, -0.9999601244926453, 0.0],
            [-0.8704552054405212, -0.49224767088890076, 0.0],
            [0.8704552054405212, 0.49224767088890076, 0.0],
            [0.861526608467102, -0.5077124238014221, 0.0],
            [-0.861526608467102, 0.5077124238014221, 0.0]
        ],
        "motors_pos": [
            [0.04391232505440712, -0.015392684377729893, 0.0],
            [0.044180188328027725, 0.014606097713112831, 0.0],
            [-0.008625714108347893, 0.04572553187608719, 0.0],
            [-0.03473934531211853, 0.030958116054534912, 0.0],
            [-0.03528660908341408, -0.030332857742905617, 0.0],
            [-0.009440838359296322, -0.04556421563029289, 0.0]
        ],
        "tau": 0.02579774521291256
    }
}