{
    "data": {
        "experiment": "2023_10_18-11_28_12_sysid_h1_old",
        "convert_mcap": true
    },
    "learning_params": {
        "learning_rate": 0.0001,
        "nb_epochs": 200,
        "batch_size": 512,
        "testing_share": 0.1,
        "encoder_length": 20,
        "prediction_length": 50
    },
    "model": {
        "load_model": false,
        "model_path": "models/abc/model.pt",
        "thrust_poly_order": 3,
        "learn_configuration_matrix": false,
        "learn_center_of_mass": true,
        "learn_inertia": true,
        "learn_mass": false,
        "learn_tau": true,
        "learn_signal2thrust": true,
        "learn_motor_angle_offset": true,
        "learn_motors_vec": false,
        "learn_motors_pos": false,
        "lr_mul_configuration_matrix": 1,
        "lr_mul_center_of_mass": 1,
        "lr_mul_inertia": 0.1,
        "lr_mul_mass": 1,
        "lr_mul_tau": 1,
        "lr_mul_signal2thrust": 1,
        "lr_mul_motor_angle_offset": 1,
        "lr_mul_motors_vec": 1,
        "lr_mul_motors_pos": 1
    },
    "default_model_params": {
        "motor_distance": 0.046532,
        "motor_angle_offset": 0.0,
        "motor_angel_delta": 0.32822,
        "center_of_mass": [0.0, 0.0, 0.0],
        "mass": 0.1377,
        "inertia": 0.000337,
        "signal2thrust": [
            [0.026828422632851595, 1.050842947701885, -0.43371886420836747],
            [0.026828422632851595, 1.050842947701885, -0.43371886420836747],
            [0.026828422632851595, 1.050842947701885, -0.43371886420836747],
            [0.026828422632851595, 1.050842947701885, -0.43371886420836747],
            [0.026828422632851595, 1.050842947701885, -0.43371886420836747],
            [0.026828422632851595, 1.050842947701885, -0.43371886420836747]
        ],
        "tau": 0.03
    },
    "model_params_init": {
        "center_of_mass": [0.0, 0.0, 0.0],
        "mass": 0.13770000636577606,
        "inertia": 0.0003370000049471855,
        "configuration_matrix": [
            [0.0, 0.0, -6.289217948913574, 6.289217948913574, 6.289218425750732, -6.289218425750732],
            [7.2621636390686035, -7.2621636390686035, -3.63108229637146, 3.63108229637146, -3.6310811042785645, 3.6310811042785645],
            [130.7062530517578, -130.7062530517578, 130.70626831054688, -130.70626831054688, 130.70626831054688, -130.70626831054688]
        ],
        "signal2thrust": [
            [0.026828423142433167, 1.0508430004119873, -0.43371886014938354],
            [0.026828423142433167, 1.0508430004119873, -0.43371886014938354],
            [0.026828423142433167, 1.0508430004119873, -0.43371886014938354],
            [0.026828423142433167, 1.0508430004119873, -0.43371886014938354],
            [0.026828423142433167, 1.0508430004119873, -0.43371886014938354],
            [0.026828423142433167, 1.0508430004119873, -0.43371886014938354]
        ],
        "motor_angle_offset": 0.0,
        "motors_vec": [
            [-0.0, 1.0, 0.0],
            [0.0, -1.0, 0.0],
            [-0.8660253882408142, -0.5000000596046448, 0.0],
            [0.8660253882408142, 0.5000000596046448, 0.0],
            [0.866025447845459, -0.49999991059303284, 0.0],
            [-0.866025447845459, 0.49999991059303284, 0.0]
        ],
        "motors_pos": [
            [0.044048011302948, -0.014999989420175552, 0.0],
            [0.044048011302948, 0.014999989420175552, 0.0],
            [-0.00903363712131977, 0.04564669355750084, 0.0],
            [-0.035014376044273376, 0.030646704137325287, 0.0],
            [-0.03501437231898308, -0.030646713450551033, 0.0],
            [-0.009033634327352047, -0.04564669355750084, 0.0]
        ],
        "tau": 0.029999999329447746
    },
    "model_params": {
        "center_of_mass": [0.00011359864583937451, 5.763220542576164e-06, 0.0],
        "mass": 0.13770000636577606,
        "inertia": 0.0002646756183821708,
        "configuration_matrix": [
            [0.0, 0.0, -6.289217948913574, 6.289217948913574, 6.289218425750732, -6.289218425750732],
            [7.2621636390686035, -7.2621636390686035, -3.63108229637146, 3.63108229637146, -3.6310811042785645, 3.6310811042785645],
            [130.7062530517578, -130.7062530517578, 130.70626831054688, -130.70626831054688, 130.70626831054688, -130.70626831054688]
        ],
        "signal2thrust": [
            [0.059663593769073486, 1.0354044437408447, -0.5234479308128357],
            [0.040269531309604645, 1.008426547050476, -0.49586042761802673],
            [0.009700657799839973, 1.0058399438858032, -0.4569355845451355],
            [0.002206419361755252, 1.0082811117172241, -0.4924001395702362],
            [0.045223820954561234, 0.9968625903129578, -0.5489821434020996],
            [0.0025594148319214582, 1.0059340000152588, -0.48114410042762756]
        ],
        "motor_angle_offset": -0.0375472716987133,
        "motors_vec": [
            [0.037538450211286545, 0.999295175075531, 0.0],
            [-0.037538450211286545, -0.999295175075531, 0.0],
            [-0.8841842412948608, -0.4671383500099182, 0.0],
            [0.8841842412948608, 0.4671383500099182, 0.0],
            [0.8466459512710571, -0.5321566462516785, 0.0],
            [-0.8466459512710571, 0.5321566462516785, 0.0]
        ],
        "motors_pos": [
            [0.043453894555568695, -0.016642911359667778, 0.0],
            [0.044580042362213135, 0.013335922732949257, 0.0],
            [-0.0073137604631483555, 0.04595362767577171, 0.0],
            [-0.03383927419781685, 0.03193948417901993, 0.0],
            [-0.036140117794275284, -0.029310734942555428, 0.0],
            [-0.010740767233073711, -0.04527541622519493, 0.0]
        ],
        "tau": 0.028063880279660225
    }
}