{
    "data": {
        "experiment": "2024_03_05-16_30_44_sysid_h2_red",
        "convert_mcap": false
    },
    "learning_params": {
        "learning_rate": 0.0001,
        "nb_epochs": 1000,
        "batch_size": 512,
        "testing_share": 0.1,
        "encoder_length": 20,
        "prediction_length": 50
    },
    "model": {
        "load_model": false,
        "model_path": "models/2024_03_05-16_12_50/model.pt",
        "thrust_poly_order": 3,
        "learn_configuration_matrix": false,
        "learn_center_of_mass": true,
        "learn_inertia": true,
        "learn_mass": false,
        "learn_tau": true,
        "learn_signal2thrust": true,
        "learn_motor_angle_offset": true,
        "learn_motors_vec": false,
        "learn_motors_pos": false,
        "lr_mul_configuration_matrix": 1,
        "lr_mul_center_of_mass": 1,
        "lr_mul_inertia": 0.1,
        "lr_mul_mass": 1,
        "lr_mul_tau": 1,
        "lr_mul_signal2thrust": 1,
        "lr_mul_motor_angle_offset": 1,
        "lr_mul_motors_vec": 1,
        "lr_mul_motors_pos": 1
    },
    "default_model_params": {
        "motor_distance": 0.046532,
        "motor_angle_offset": 0.0,
        "motor_angel_delta": 0.32822,
        "center_of_mass": [0.0, 0.0, 0.0],
        "mass": 0.1452,
        "inertia": 0.0005356,
        "signal2thrust": [
            [0.026828422632851595, 1.050842947701885, -0.43371886420836747],
            [0.026828422632851595, 1.050842947701885, -0.43371886420836747],
            [0.026828422632851595, 1.050842947701885, -0.43371886420836747],
            [0.026828422632851595, 1.050842947701885, -0.43371886420836747],
            [0.026828422632851595, 1.050842947701885, -0.43371886420836747],
            [0.026828422632851595, 1.050842947701885, -0.43371886420836747]
        ],
        "tau": 0.03
    },
    "model_params_init": {
        "center_of_mass": [0.0, 0.0, 0.0],
        "mass": 0.1451999992132187,
        "inertia": 0.0005356000037863851,
        "configuration_matrix": [
            [0.0, 0.0, -5.964362144470215, 5.964362144470215, 5.964362621307373, -5.964362621307373],
            [6.887052536010742, -6.887052536010742, -3.4435267448425293, 3.4435267448425293, -3.443525552749634, 3.443525552749634],
            [82.2405014038086, -82.2405014038086, 82.24050903320312, -82.24050903320312, 82.24050903320312, -82.2405014038086]
        ],
        "signal2thrust": [
            [0.026828423142433167, 1.0508430004119873, -0.43371886014938354],
            [0.026828423142433167, 1.0508430004119873, -0.43371886014938354],
            [0.026828423142433167, 1.0508430004119873, -0.43371886014938354],
            [0.026828423142433167, 1.0508430004119873, -0.43371886014938354],
            [0.026828423142433167, 1.0508430004119873, -0.43371886014938354],
            [0.026828423142433167, 1.0508430004119873, -0.43371886014938354]
        ],
        "motor_angle_offset": 0.0,
        "motors_vec": [
            [-0.0, 1.0, 0.0],
            [0.0, -1.0, 0.0],
            [-0.8660253882408142, -0.5000000596046448, 0.0],
            [0.8660253882408142, 0.5000000596046448, 0.0],
            [0.866025447845459, -0.49999991059303284, 0.0],
            [-0.866025447845459, 0.49999991059303284, 0.0]
        ],
        "motors_pos": [
            [0.044048015028238297, -0.014999989420175552, 0.0],
            [0.044048015028238297, 0.014999989420175552, 0.0],
            [-0.00903363712131977, 0.04564669355750084, 0.0],
            [-0.035014376044273376, 0.030646707862615585, 0.0],
            [-0.03501437231898308, -0.030646713450551033, 0.0],
            [-0.009033634327352047, -0.04564669355750084, 0.0]
        ],
        "tau": 0.029999999329447746
    },
    "model_params": {
        "center_of_mass": [-0.0001423038775101304, 0.0003786264278460294, 0.0],
        "mass": 0.1451999992132187,
        "inertia": 0.0002951695933006704,
        "configuration_matrix": [
            [0.0, 0.0, -5.964362144470215, 5.964362144470215, 5.964362621307373, -5.964362621307373],
            [6.887052536010742, -6.887052536010742, -3.4435267448425293, 3.4435267448425293, -3.443525552749634, 3.443525552749634],
            [82.2405014038086, -82.2405014038086, 82.24050903320312, -82.24050903320312, 82.24050903320312, -82.2405014038086]
        ],
        "signal2thrust": [
            [0.10564021021127701, 0.750724732875824, -0.323248952627182],
            [0.06073260307312012, 1.032355785369873, -0.6310025453567505],
            [0.04116169363260269, 0.9178110957145691, -0.46323612332344055],
            [0.01518887560814619, 1.0038790702819824, -0.4458346962928772],
            [0.04279660806059837, 1.0221471786499023, -0.5383837223052979],
            [0.12016744911670685, 0.7622308731079102, -0.3224516212940216]
        ],
        "motor_angle_offset": -0.03235910087823868,
        "motors_vec": [
            [0.03235345333814621, 0.9994764924049377, 0.0],
            [-0.03235345333814621, -0.9994764924049377, 0.0],
            [-0.8817487359046936, -0.471719354391098, 0.0],
            [0.8817487359046936, 0.471719354391098, 0.0],
            [0.8493953347206116, -0.5277571082115173, 0.0],
            [-0.8493953347206116, 0.5277571082115173, 0.0]
        ],
        "motors_pos": [
            [0.04353965073823929, -0.0164172425866127, 0.0],
            [0.04451025649905205, 0.013567032292485237, 0.0],
            [-0.007552078925073147, 0.045915063470602036, 0.0],
            [-0.034004516899585724, 0.03176349774003029, 0.0],
            [-0.03598756715655327, -0.02949783019721508, 0.0],
            [-0.01050573494285345, -0.04533052816987038, 0.0]
        ],
        "tau": 0.026581088081002235
    }
}