{
    "data": {
        "experiment": "2024_03_05-16_34_51_sysid_h3_pink",
        "convert_mcap": false
    },
    "learning_params": {
        "learning_rate": 0.0001,
        "nb_epochs": 1000,
        "batch_size": 512,
        "testing_share": 0.1,
        "encoder_length": 20,
        "prediction_length": 50
    },
    "model": {
        "load_model": false,
        "model_path": "models/2024_03_05-16_12_50/model.pt",
        "thrust_poly_order": 3,
        "learn_configuration_matrix": false,
        "learn_center_of_mass": true,
        "learn_inertia": true,
        "learn_mass": false,
        "learn_tau": true,
        "learn_signal2thrust": true,
        "learn_motor_angle_offset": true,
        "learn_motors_vec": false,
        "learn_motors_pos": false,
        "lr_mul_configuration_matrix": 1,
        "lr_mul_center_of_mass": 1,
        "lr_mul_inertia": 0.1,
        "lr_mul_mass": 1,
        "lr_mul_tau": 1,
        "lr_mul_signal2thrust": 1,
        "lr_mul_motor_angle_offset": 1,
        "lr_mul_motors_vec": 1,
        "lr_mul_motors_pos": 1
    },
    "default_model_params": {
        "motor_distance": 0.046532,
        "motor_angle_offset": 0.0,
        "motor_angel_delta": 0.32822,
        "center_of_mass": [0.0, 0.0, 0.0],
        "mass": 0.1451,
        "inertia": 0.0005356,
        "signal2thrust": [
            [0.026828422632851595, 1.050842947701885, -0.43371886420836747],
            [0.026828422632851595, 1.050842947701885, -0.43371886420836747],
            [0.026828422632851595, 1.050842947701885, -0.43371886420836747],
            [0.026828422632851595, 1.050842947701885, -0.43371886420836747],
            [0.026828422632851595, 1.050842947701885, -0.43371886420836747],
            [0.026828422632851595, 1.050842947701885, -0.43371886420836747]
        ],
        "tau": 0.03
    },
    "model_params_init": {
        "center_of_mass": [0.0, 0.0, 0.0],
        "mass": 0.14509999752044678,
        "inertia": 0.0005356000037863851,
        "configuration_matrix": [
            [0.0, 0.0, -5.968472957611084, 5.968472957611084, 5.968473434448242, -5.968473434448242],
            [6.891798973083496, -6.891798973083496, -3.4458999633789062, 3.4458999633789062, -3.4458987712860107, 3.4458987712860107],
            [82.2405014038086, -82.2405014038086, 82.24050903320312, -82.24050903320312, 82.24050903320312, -82.2405014038086]
        ],
        "signal2thrust": [
            [0.026828423142433167, 1.0508430004119873, -0.43371886014938354],
            [0.026828423142433167, 1.0508430004119873, -0.43371886014938354],
            [0.026828423142433167, 1.0508430004119873, -0.43371886014938354],
            [0.026828423142433167, 1.0508430004119873, -0.43371886014938354],
            [0.026828423142433167, 1.0508430004119873, -0.43371886014938354],
            [0.026828423142433167, 1.0508430004119873, -0.43371886014938354]
        ],
        "motor_angle_offset": 0.0,
        "motors_vec": [
            [-0.0, 1.0, 0.0],
            [0.0, -1.0, 0.0],
            [-0.8660253882408142, -0.5000000596046448, 0.0],
            [0.8660253882408142, 0.5000000596046448, 0.0],
            [0.866025447845459, -0.49999991059303284, 0.0],
            [-0.866025447845459, 0.49999991059303284, 0.0]
        ],
        "motors_pos": [
            [0.044048015028238297, -0.014999989420175552, 0.0],
            [0.044048015028238297, 0.014999989420175552, 0.0],
            [-0.00903363712131977, 0.04564669355750084, 0.0],
            [-0.035014376044273376, 0.030646707862615585, 0.0],
            [-0.03501437231898308, -0.030646713450551033, 0.0],
            [-0.009033634327352047, -0.04564669355750084, 0.0]
        ],
        "tau": 0.029999999329447746
    },
    "model_params": {
        "center_of_mass": [-0.00013463680807035416, 0.00048746311222203076, 0.0],
        "mass": 0.14509999752044678,
        "inertia": 0.0002925393055193126,
        "configuration_matrix": [
            [0.0, 0.0, -5.968472957611084, 5.968472957611084, 5.968473434448242, -5.968473434448242],
            [6.891798973083496, -6.891798973083496, -3.4458999633789062, 3.4458999633789062, -3.4458987712860107, 3.4458987712860107],
            [82.2405014038086, -82.2405014038086, 82.24050903320312, -82.24050903320312, 82.24050903320312, -82.2405014038086]
        ],
        "signal2thrust": [
            [0.10074888169765472, 0.721954882144928, -0.238970085978508],
            [0.05318837985396385, 1.0347535610198975, -0.5290235877037048],
            [0.06348469853401184, 0.889126718044281, -0.3920137584209442],
            [0.14390365779399872, 0.7981573343276978, -0.3625585734844208],
            [0.052673641592264175, 1.0523935556411743, -0.5669130086898804],
            [0.059576306492090225, 0.8848852515220642, -0.33532387018203735]
        ],
        "motor_angle_offset": -0.01805128902196884,
        "motors_vec": [
            [0.018050309270620346, 0.9998371005058289, 0.0],
            [-0.018050309270620346, -0.9998371005058289, 0.0],
            [-0.8749094605445862, -0.48428648710250854, 0.0],
            [0.8749094605445862, 0.48428648710250854, 0.0],
            [0.8568592667579651, -0.5155503749847412, 0.0],
            [-0.8568592667579651, 0.5155503749847412, 0.0]
        ],
        "motors_pos": [
            [0.04377008229494095, -0.01579262688755989, 0.0],
            [0.04431159049272537, 0.014202464371919632, 0.0],
            [-0.008208224549889565, 0.045802317559719086, 0.0],
            [-0.034455496817827225, 0.0312737300992012, 0.0],
            [-0.03556184470653534, -0.03000970371067524, 0.0],
            [-0.009856093674898148, -0.04547619819641113, 0.0]
        ],
        "tau": 0.028704367578029633
    }
}