{
    "data": {
        "experiment": "2023_10_18-11_28_12_sysid_h1_old",
        "convert_mcap": true
    },
    "learning_params": {
        "learning_rate": 0.0001,
        "nb_epochs": 200,
        "batch_size": 512,
        "testing_share": 0.1,
        "encoder_length": 20,
        "prediction_length": 50
    },
    "model": {
        "load_model": false,
        "model_path": "models/abc/model.pt",
        "thrust_poly_order": 3,
        "learn_configuration_matrix": false,
        "learn_center_of_mass": false,
        "learn_inertia": true,
        "learn_mass": false,
        "learn_tau": false,
        "learn_signal2thrust": true,
        "learn_motor_angle_offset": false,
        "learn_motors_vec": false,
        "learn_motors_pos": false,
        "lr_mul_configuration_matrix": 1,
        "lr_mul_center_of_mass": 1,
        "lr_mul_inertia": 0.1,
        "lr_mul_mass": 1,
        "lr_mul_tau": 1,
        "lr_mul_signal2thrust": 1,
        "lr_mul_motor_angle_offset": 1,
        "lr_mul_motors_vec": 1,
        "lr_mul_motors_pos": 1
    },
    "default_model_params": {
        "motor_distance": 0.046532,
        "motor_angle_offset": 0.0,
        "motor_angel_delta": 0.32822,
        "center_of_mass": [0.0, 0.0, 0.0],
        "mass": 0.1377,
        "inertia": 0.000337,
        "signal2thrust": [
            [0.026828422632851595, 1.050842947701885, -0.43371886420836747],
            [0.026828422632851595, 1.050842947701885, -0.43371886420836747],
            [0.026828422632851595, 1.050842947701885, -0.43371886420836747],
            [0.026828422632851595, 1.050842947701885, -0.43371886420836747],
            [0.026828422632851595, 1.050842947701885, -0.43371886420836747],
            [0.026828422632851595, 1.050842947701885, -0.43371886420836747]
        ],
        "tau": 0.0
    },
    "model_params_init": {
        "center_of_mass": [0.0, 0.0, 0.0],
        "mass": 0.13770000636577606,
        "inertia": 0.0003370000049471855,
        "configuration_matrix": [
            [0.0, 0.0, -6.289217948913574, 6.289217948913574, 6.289218425750732, -6.289218425750732],
            [7.2621636390686035, -7.2621636390686035, -3.63108229637146, 3.63108229637146, -3.6310811042785645, 3.6310811042785645],
            [130.7062530517578, -130.7062530517578, 130.70626831054688, -130.70626831054688, 130.70626831054688, -130.70626831054688]
        ],
        "signal2thrust": [
            [0.026828423142433167, 1.0508430004119873, -0.43371886014938354],
            [0.026828423142433167, 1.0508430004119873, -0.43371886014938354],
            [0.026828423142433167, 1.0508430004119873, -0.43371886014938354],
            [0.026828423142433167, 1.0508430004119873, -0.43371886014938354],
            [0.026828423142433167, 1.0508430004119873, -0.43371886014938354],
            [0.026828423142433167, 1.0508430004119873, -0.43371886014938354]
        ],
        "motor_angle_offset": 0.0,
        "motors_vec": [
            [-0.0, 1.0, 0.0],
            [0.0, -1.0, 0.0],
            [-0.8660253882408142, -0.5000000596046448, 0.0],
            [0.8660253882408142, 0.5000000596046448, 0.0],
            [0.866025447845459, -0.49999991059303284, 0.0],
            [-0.866025447845459, 0.49999991059303284, 0.0]
        ],
        "motors_pos": [
            [0.044048011302948, -0.014999989420175552, 0.0],
            [0.044048011302948, 0.014999989420175552, 0.0],
            [-0.00903363712131977, 0.04564669355750084, 0.0],
            [-0.035014376044273376, 0.030646704137325287, 0.0],
            [-0.03501437231898308, -0.030646713450551033, 0.0],
            [-0.009033634327352047, -0.04564669355750084, 0.0]
        ],
        "tau": 0.0
    },
    "model_params": {
        "center_of_mass": [0.0, 0.0, 0.0],
        "mass": 0.13770000636577606,
        "inertia": 0.00026804881053976715,
        "configuration_matrix": [
            [0.0, 0.0, -6.289217948913574, 6.289217948913574, 6.289218425750732, -6.289218425750732],
            [7.2621636390686035, -7.2621636390686035, -3.63108229637146, 3.63108229637146, -3.6310811042785645, 3.6310811042785645],
            [130.7062530517578, -130.7062530517578, 130.70626831054688, -130.70626831054688, 130.70626831054688, -130.70626831054688]
        ],
        "signal2thrust": [
            [0.049517981708049774, 0.988653302192688, -0.5376840233802795],
            [0.024596791714429855, 0.9883783459663391, -0.5407821536064148],
            [0.0018861491698771715, 0.9791299700737, -0.5495545864105225],
            [0.0017230070661753416, 0.9565356969833374, -0.546597957611084],
            [0.05874469131231308, 0.9661867022514343, -0.5693826675415039],
            [0.08658868819475174, 0.9526225924491882, -0.6035417318344116]
        ],
        "motor_angle_offset": 0.0,
        "motors_vec": [
            [-0.0, 1.0, 0.0],
            [0.0, -1.0, 0.0],
            [-0.8660253882408142, -0.5000000596046448, 0.0],
            [0.8660253882408142, 0.5000000596046448, 0.0],
            [0.866025447845459, -0.49999991059303284, 0.0],
            [-0.866025447845459, 0.49999991059303284, 0.0]
        ],
        "motors_pos": [
            [0.044048011302948, -0.014999989420175552, 0.0],
            [0.044048011302948, 0.014999989420175552, 0.0],
            [-0.00903363712131977, 0.04564669355750084, 0.0],
            [-0.035014376044273376, 0.030646704137325287, 0.0],
            [-0.03501437231898308, -0.030646713450551033, 0.0],
            [-0.009033634327352047, -0.04564669355750084, 0.0]
        ],
        "tau": 0.0
    }
}