{
    "data": {
        "experiment": "2024_03_05-16_40_37_sysid_h4_yellow",
        "convert_mcap": false
    },
    "learning_params": {
        "learning_rate": 0.0001,
        "nb_epochs": 1000,
        "batch_size": 512,
        "testing_share": 0.1,
        "encoder_length": 20,
        "prediction_length": 50
    },
    "model": {
        "load_model": false,
        "model_path": "models/2024_03_05-16_12_50/model.pt",
        "thrust_poly_order": 3,
        "learn_configuration_matrix": false,
        "learn_center_of_mass": true,
        "learn_inertia": true,
        "learn_mass": false,
        "learn_tau": true,
        "learn_signal2thrust": true,
        "learn_motor_angle_offset": true,
        "learn_motors_vec": false,
        "learn_motors_pos": false,
        "lr_mul_configuration_matrix": 1,
        "lr_mul_center_of_mass": 1,
        "lr_mul_inertia": 0.1,
        "lr_mul_mass": 1,
        "lr_mul_tau": 1,
        "lr_mul_signal2thrust": 1,
        "lr_mul_motor_angle_offset": 1,
        "lr_mul_motors_vec": 1,
        "lr_mul_motors_pos": 1
    },
    "default_model_params": {
        "motor_distance": 0.046532,
        "motor_angle_offset": 0.0,
        "motor_angel_delta": 0.32822,
        "center_of_mass": [0.0, 0.0, 0.0],
        "mass": 0.1453,
        "inertia": 0.0005356,
        "signal2thrust": [
            [0.026828422632851595, 1.050842947701885, -0.43371886420836747],
            [0.026828422632851595, 1.050842947701885, -0.43371886420836747],
            [0.026828422632851595, 1.050842947701885, -0.43371886420836747],
            [0.026828422632851595, 1.050842947701885, -0.43371886420836747],
            [0.026828422632851595, 1.050842947701885, -0.43371886420836747],
            [0.026828422632851595, 1.050842947701885, -0.43371886420836747]
        ],
        "tau": 0.03
    },
    "model_params_init": {
        "center_of_mass": [0.0, 0.0, 0.0],
        "mass": 0.1453000009059906,
        "inertia": 0.0005356000037863851,
        "configuration_matrix": [
            [0.0, 0.0, -5.960257053375244, 5.960257053375244, 5.960257530212402, -5.960257530212402],
            [6.882312297821045, -6.882312297821045, -3.4411566257476807, 3.4411566257476807, -3.441155433654785, 3.441155433654785],
            [82.2405014038086, -82.2405014038086, 82.24050903320312, -82.24050903320312, 82.24050903320312, -82.2405014038086]
        ],
        "signal2thrust": [
            [0.026828423142433167, 1.0508430004119873, -0.43371886014938354],
            [0.026828423142433167, 1.0508430004119873, -0.43371886014938354],
            [0.026828423142433167, 1.0508430004119873, -0.43371886014938354],
            [0.026828423142433167, 1.0508430004119873, -0.43371886014938354],
            [0.026828423142433167, 1.0508430004119873, -0.43371886014938354],
            [0.026828423142433167, 1.0508430004119873, -0.43371886014938354]
        ],
        "motor_angle_offset": 0.0,
        "motors_vec": [
            [-0.0, 1.0, 0.0],
            [0.0, -1.0, 0.0],
            [-0.8660253882408142, -0.5000000596046448, 0.0],
            [0.8660253882408142, 0.5000000596046448, 0.0],
            [0.866025447845459, -0.49999991059303284, 0.0],
            [-0.866025447845459, 0.49999991059303284, 0.0]
        ],
        "motors_pos": [
            [0.044048015028238297, -0.014999989420175552, 0.0],
            [0.044048015028238297, 0.014999989420175552, 0.0],
            [-0.00903363712131977, 0.04564669355750084, 0.0],
            [-0.035014376044273376, 0.030646707862615585, 0.0],
            [-0.03501437231898308, -0.030646713450551033, 0.0],
            [-0.009033634327352047, -0.04564669355750084, 0.0]
        ],
        "tau": 0.029999999329447746
    },
    "model_params": {
        "center_of_mass": [-0.0005616912385448813, 0.0012640998465940356, 0.0],
        "mass": 0.1453000009059906,
        "inertia": 0.00032002240186557174,
        "configuration_matrix": [
            [0.0, 0.0, -5.960257053375244, 5.960257053375244, 5.960257530212402, -5.960257530212402],
            [6.882312297821045, -6.882312297821045, -3.4411566257476807, 3.4411566257476807, -3.441155433654785, 3.441155433654785],
            [82.2405014038086, -82.2405014038086, 82.24050903320312, -82.24050903320312, 82.24050903320312, -82.2405014038086]
        ],
        "signal2thrust": [
            [0.09045055508613586, 1.0276144742965698, -0.5967550277709961],
            [0.05755554512143135, 0.9891008138656616, -0.4820418059825897],
            [0.005685174372047186, 0.8885449767112732, -0.5881386995315552],
            [0.12410647422075272, 0.8318791389465332, -0.39240461587905884],
            [0.057846806943416595, 1.0755367279052734, -0.5494710803031921],
            [0.13864167034626007, 0.8398273587226868, -0.39040979743003845]
        ],
        "motor_angle_offset": -0.12090941518545151,
        "motors_vec": [
            [0.12061503529548645, 0.9926993250846863, 0.0],
            [-0.12061503529548645, -0.9926993250846863, 0.0],
            [-0.9200103878974915, -0.39189401268959045, 0.0],
            [0.9200103878974915, 0.39189401268959045, 0.0],
            [0.7993955016136169, -0.6008051037788391, 0.0],
            [-0.7993955016136169, 0.6008051037788391, 0.0]
        ],
        "motors_pos": [
            [0.041917212307453156, -0.020203333348035812, 0.0],
            [0.04553566128015518, 0.00957762636244297, 0.0],
            [-0.00346200680360198, 0.04640303552150726, 0.0],
            [-0.031062303110957146, 0.03464622050523758, 0.0],
            [-0.03845519199967384, -0.026199720799922943, 0.0],
            [-0.014473351649940014, -0.044223852455616, 0.0]
        ],
        "tau": 0.02841484732925892
    }
}