{
    "data": {
        "experiment": "2023_10_18-11_28_12_sysid_h1_old",
        "convert_mcap": true
    },
    "learning_params": {
        "learning_rate": 0.0001,
        "nb_epochs": 200,
        "batch_size": 512,
        "testing_share": 0.1,
        "encoder_length": 20,
        "prediction_length": 50
    },
    "model": {
        "load_model": false,
        "model_path": "models/abc/model.pt",
        "thrust_poly_order": 3,
        "learn_configuration_matrix": false,
        "learn_center_of_mass": false,
        "learn_inertia": false,
        "learn_mass": false,
        "learn_tau": true,
        "learn_signal2thrust": true,
        "learn_motor_angle_offset": false,
        "learn_motors_vec": false,
        "learn_motors_pos": false,
        "lr_mul_configuration_matrix": 1,
        "lr_mul_center_of_mass": 1,
        "lr_mul_inertia": 0.1,
        "lr_mul_mass": 1,
        "lr_mul_tau": 1,
        "lr_mul_signal2thrust": 1,
        "lr_mul_motor_angle_offset": 1,
        "lr_mul_motors_vec": 1,
        "lr_mul_motors_pos": 1
    },
    "default_model_params": {
        "motor_distance": 0.046532,
        "motor_angle_offset": 0.0,
        "motor_angel_delta": 0.32822,
        "center_of_mass": [0.0, 0.0, 0.0],
        "mass": 0.1377,
        "inertia": 0.000337,
        "signal2thrust": [
            [0.026828422632851595, 1.050842947701885, -0.43371886420836747],
            [0.026828422632851595, 1.050842947701885, -0.43371886420836747],
            [0.026828422632851595, 1.050842947701885, -0.43371886420836747],
            [0.026828422632851595, 1.050842947701885, -0.43371886420836747],
            [0.026828422632851595, 1.050842947701885, -0.43371886420836747],
            [0.026828422632851595, 1.050842947701885, -0.43371886420836747]
        ],
        "tau": 0.03
    },
    "model_params_init": {
        "center_of_mass": [0.0, 0.0, 0.0],
        "mass": 0.13770000636577606,
        "inertia": 0.0003370000049471855,
        "configuration_matrix": [
            [0.0, 0.0, -6.289217948913574, 6.289217948913574, 6.289218425750732, -6.289218425750732],
            [7.2621636390686035, -7.2621636390686035, -3.63108229637146, 3.63108229637146, -3.6310811042785645, 3.6310811042785645],
            [130.7062530517578, -130.7062530517578, 130.70626831054688, -130.70626831054688, 130.70626831054688, -130.70626831054688]
        ],
        "signal2thrust": [
            [0.026828423142433167, 1.0508430004119873, -0.43371886014938354],
            [0.026828423142433167, 1.0508430004119873, -0.43371886014938354],
            [0.026828423142433167, 1.0508430004119873, -0.43371886014938354],
            [0.026828423142433167, 1.0508430004119873, -0.43371886014938354],
            [0.026828423142433167, 1.0508430004119873, -0.43371886014938354],
            [0.026828423142433167, 1.0508430004119873, -0.43371886014938354]
        ],
        "motor_angle_offset": 0.0,
        "motors_vec": [
            [-0.0, 1.0, 0.0],
            [0.0, -1.0, 0.0],
            [-0.8660253882408142, -0.5000000596046448, 0.0],
            [0.8660253882408142, 0.5000000596046448, 0.0],
            [0.866025447845459, -0.49999991059303284, 0.0],
            [-0.866025447845459, 0.49999991059303284, 0.0]
        ],
        "motors_pos": [
            [0.044048011302948, -0.014999989420175552, 0.0],
            [0.044048011302948, 0.014999989420175552, 0.0],
            [-0.00903363712131977, 0.04564669355750084, 0.0],
            [-0.035014376044273376, 0.030646704137325287, 0.0],
            [-0.03501437231898308, -0.030646713450551033, 0.0],
            [-0.009033634327352047, -0.04564669355750084, 0.0]
        ],
        "tau": 0.029999999329447746
    },
    "model_params": {
        "center_of_mass": [0.0, 0.0, 0.0],
        "mass": 0.13770000636577606,
        "inertia": 0.0003370000049471855,
        "configuration_matrix": [
            [0.0, 0.0, -6.289217948913574, 6.289217948913574, 6.289218425750732, -6.289218425750732],
            [7.2621636390686035, -7.2621636390686035, -3.63108229637146, 3.63108229637146, -3.6310811042785645, 3.6310811042785645],
            [130.7062530517578, -130.7062530517578, 130.70626831054688, -130.70626831054688, 130.70626831054688, -130.70626831054688]
        ],
        "signal2thrust": [
            [0.121406689286232, 1.0765880346298218, -0.5012629628181458],
            [0.07940876483917236, 1.0603468418121338, -0.44904351234436035],
            [0.06518599390983582, 1.0494529008865356, -0.4269978404045105],
            [0.05201105773448944, 1.0408958196640015, -0.4630807936191559],
            [0.08673026412725449, 1.0371960401535034, -0.5206608176231384],
            [0.06366128474473953, 1.0396819114685059, -0.459715873003006]
        ],
        "motor_angle_offset": 0.0,
        "motors_vec": [
            [-0.0, 1.0, 0.0],
            [0.0, -1.0, 0.0],
            [-0.8660253882408142, -0.5000000596046448, 0.0],
            [0.8660253882408142, 0.5000000596046448, 0.0],
            [0.866025447845459, -0.49999991059303284, 0.0],
            [-0.866025447845459, 0.49999991059303284, 0.0]
        ],
        "motors_pos": [
            [0.044048011302948, -0.014999989420175552, 0.0],
            [0.044048011302948, 0.014999989420175552, 0.0],
            [-0.00903363712131977, 0.04564669355750084, 0.0],
            [-0.035014376044273376, 0.030646704137325287, 0.0],
            [-0.03501437231898308, -0.030646713450551033, 0.0],
            [-0.009033634327352047, -0.04564669355750084, 0.0]
        ],
        "tau": 0.027645213529467583
    }
}