{
    "data": {
        "experiment": "2023_10_18-11_28_12_sysid_h1_old",
        "convert_mcap": true
    },
    "learning_params": {
        "learning_rate": 0.0001,
        "nb_epochs": 200,
        "batch_size": 512,
        "testing_share": 0.1,
        "encoder_length": 20,
        "prediction_length": 50
    },
    "model": {
        "load_model": false,
        "model_path": "models/abc/model.pt",
        "thrust_poly_order": 3,
        "learn_configuration_matrix": false,
        "learn_center_of_mass": false,
        "learn_inertia": false,
        "learn_mass": false,
        "learn_tau": false,
        "learn_signal2thrust": true,
        "learn_motor_angle_offset": false,
        "learn_motors_vec": false,
        "learn_motors_pos": false,
        "lr_mul_configuration_matrix": 1,
        "lr_mul_center_of_mass": 1,
        "lr_mul_inertia": 0.1,
        "lr_mul_mass": 1,
        "lr_mul_tau": 1,
        "lr_mul_signal2thrust": 1,
        "lr_mul_motor_angle_offset": 1,
        "lr_mul_motors_vec": 1,
        "lr_mul_motors_pos": 1
    },
    "default_model_params": {
        "motor_distance": 0.046532,
        "motor_angle_offset": 0.0,
        "motor_angel_delta": 0.32822,
        "center_of_mass": [0.0, 0.0, 0.0],
        "mass": 0.1377,
        "inertia": 0.000337,
        "signal2thrust": [
            [0.026828422632851595, 1.050842947701885, -0.43371886420836747],
            [0.026828422632851595, 1.050842947701885, -0.43371886420836747],
            [0.026828422632851595, 1.050842947701885, -0.43371886420836747],
            [0.026828422632851595, 1.050842947701885, -0.43371886420836747],
            [0.026828422632851595, 1.050842947701885, -0.43371886420836747],
            [0.026828422632851595, 1.050842947701885, -0.43371886420836747]
        ],
        "tau": 0.0
    },
    "model_params_init": {
        "center_of_mass": [0.0, 0.0, 0.0],
        "mass": 0.13770000636577606,
        "inertia": 0.0003370000049471855,
        "configuration_matrix": [
            [0.0, 0.0, -6.289217948913574, 6.289217948913574, 6.289218425750732, -6.289218425750732],
            [7.2621636390686035, -7.2621636390686035, -3.63108229637146, 3.63108229637146, -3.6310811042785645, 3.6310811042785645],
            [130.7062530517578, -130.7062530517578, 130.70626831054688, -130.70626831054688, 130.70626831054688, -130.70626831054688]
        ],
        "signal2thrust": [
            [0.026828423142433167, 1.0508430004119873, -0.43371886014938354],
            [0.026828423142433167, 1.0508430004119873, -0.43371886014938354],
            [0.026828423142433167, 1.0508430004119873, -0.43371886014938354],
            [0.026828423142433167, 1.0508430004119873, -0.43371886014938354],
            [0.026828423142433167, 1.0508430004119873, -0.43371886014938354],
            [0.026828423142433167, 1.0508430004119873, -0.43371886014938354]
        ],
        "motor_angle_offset": 0.0,
        "motors_vec": [
            [-0.0, 1.0, 0.0],
            [0.0, -1.0, 0.0],
            [-0.8660253882408142, -0.5000000596046448, 0.0],
            [0.8660253882408142, 0.5000000596046448, 0.0],
            [0.866025447845459, -0.49999991059303284, 0.0],
            [-0.866025447845459, 0.49999991059303284, 0.0]
        ],
        "motors_pos": [
            [0.044048011302948, -0.014999989420175552, 0.0],
            [0.044048011302948, 0.014999989420175552, 0.0],
            [-0.00903363712131977, 0.04564669355750084, 0.0],
            [-0.035014376044273376, 0.030646704137325287, 0.0],
            [-0.03501437231898308, -0.030646713450551033, 0.0],
            [-0.009033634327352047, -0.04564669355750084, 0.0]
        ],
        "tau": 0.0
    },
    "model_params": {
        "center_of_mass": [0.0, 0.0, 0.0],
        "mass": 0.13770000636577606,
        "inertia": 0.0003370000049471855,
        "configuration_matrix": [
            [0.0, 0.0, -6.289217948913574, 6.289217948913574, 6.289218425750732, -6.289218425750732],
            [7.2621636390686035, -7.2621636390686035, -3.63108229637146, 3.63108229637146, -3.6310811042785645, 3.6310811042785645],
            [130.7062530517578, -130.7062530517578, 130.70626831054688, -130.70626831054688, 130.70626831054688, -130.70626831054688]
        ],
        "signal2thrust": [
            [0.10334182530641556, 1.0243825912475586, -0.5216538310050964],
            [0.07413351535797119, 1.0259076356887817, -0.5168087482452393],
            [0.06638780236244202, 1.0033708810806274, -0.5391349792480469],
            [0.0017820040229707956, 1.0247352123260498, -0.5156962871551514],
            [0.09268911927938461, 1.0006147623062134, -0.5449153184890747],
            [0.14397896826267242, 0.9854574799537659, -0.5942543745040894]
        ],
        "motor_angle_offset": 0.0,
        "motors_vec": [
            [-0.0, 1.0, 0.0],
            [0.0, -1.0, 0.0],
            [-0.8660253882408142, -0.5000000596046448, 0.0],
            [0.8660253882408142, 0.5000000596046448, 0.0],
            [0.866025447845459, -0.49999991059303284, 0.0],
            [-0.866025447845459, 0.49999991059303284, 0.0]
        ],
        "motors_pos": [
            [0.044048011302948, -0.014999989420175552, 0.0],
            [0.044048011302948, 0.014999989420175552, 0.0],
            [-0.00903363712131977, 0.04564669355750084, 0.0],
            [-0.035014376044273376, 0.030646704137325287, 0.0],
            [-0.03501437231898308, -0.030646713450551033, 0.0],
            [-0.009033634327352047, -0.04564669355750084, 0.0]
        ],
        "tau": 0.0
    }
}