{
    "data": {
        "experiment": "2024_03_14-16_00_32_sysid_h4_yellow",
        "convert_mcap": true
    },
    "learning_params": {
        "learning_rate": 0.0001,
        "nb_epochs": 200,
        "batch_size": 512,
        "testing_share": 0.1,
        "encoder_length": 20,
        "prediction_length": 50
    },
    "model": {
        "load_model": false,
        "model_path": "models/2024_03_05-16_12_50/model.pt",
        "thrust_poly_order": 3,
        "learn_configuration_matrix": false,
        "learn_center_of_mass": true,
        "learn_inertia": true,
        "learn_mass": false,
        "learn_tau": true,
        "learn_signal2thrust": true,
        "learn_motor_angle_offset": true,
        "learn_motors_vec": false,
        "learn_motors_pos": false,
        "lr_mul_configuration_matrix": 1,
        "lr_mul_center_of_mass": 1,
        "lr_mul_inertia": 0.1,
        "lr_mul_mass": 1,
        "lr_mul_tau": 1,
        "lr_mul_signal2thrust": 1,
        "lr_mul_motor_angle_offset": 1,
        "lr_mul_motors_vec": 1,
        "lr_mul_motors_pos": 1
    },
    "default_model_params": {
        "motor_distance": 0.046532,
        "motor_angle_offset": 0.0,
        "motor_angel_delta": 0.32822,
        "center_of_mass": [0.0, 0.0, 0.0],
        "mass": 0.1453,
        "inertia": 0.0005356,
        "signal2thrust": [
            [0.026828422632851595, 1.050842947701885, -0.43371886420836747],
            [0.026828422632851595, 1.050842947701885, -0.43371886420836747],
            [0.026828422632851595, 1.050842947701885, -0.43371886420836747],
            [0.026828422632851595, 1.050842947701885, -0.43371886420836747],
            [0.026828422632851595, 1.050842947701885, -0.43371886420836747],
            [0.026828422632851595, 1.050842947701885, -0.43371886420836747]
        ],
        "tau": 0.03
    },
    "model_params_init": {
        "center_of_mass": [0.0, 0.0, 0.0],
        "mass": 0.1453000009059906,
        "inertia": 0.0005356000037863851,
        "configuration_matrix": [
            [0.0, 0.0, -5.960257053375244, 5.960257053375244, 5.960257530212402, -5.960257530212402],
            [6.882312297821045, -6.882312297821045, -3.4411566257476807, 3.4411566257476807, -3.441155433654785, 3.441155433654785],
            [82.2405014038086, -82.2405014038086, 82.24050903320312, -82.24050903320312, 82.24050903320312, -82.2405014038086]
        ],
        "signal2thrust": [
            [0.026828423142433167, 1.0508430004119873, -0.43371886014938354],
            [0.026828423142433167, 1.0508430004119873, -0.43371886014938354],
            [0.026828423142433167, 1.0508430004119873, -0.43371886014938354],
            [0.026828423142433167, 1.0508430004119873, -0.43371886014938354],
            [0.026828423142433167, 1.0508430004119873, -0.43371886014938354],
            [0.026828423142433167, 1.0508430004119873, -0.43371886014938354]
        ],
        "motor_angle_offset": 0.0,
        "motors_vec": [
            [-0.0, 1.0, 0.0],
            [0.0, -1.0, 0.0],
            [-0.8660253882408142, -0.5000000596046448, 0.0],
            [0.8660253882408142, 0.5000000596046448, 0.0],
            [0.866025447845459, -0.49999991059303284, 0.0],
            [-0.866025447845459, 0.49999991059303284, 0.0]
        ],
        "motors_pos": [
            [0.044048015028238297, -0.014999989420175552, 0.0],
            [0.044048015028238297, 0.014999989420175552, 0.0],
            [-0.00903363712131977, 0.04564669355750084, 0.0],
            [-0.035014376044273376, 0.030646707862615585, 0.0],
            [-0.03501437231898308, -0.030646713450551033, 0.0],
            [-0.009033634327352047, -0.04564669355750084, 0.0]
        ],
        "tau": 0.029999999329447746
    },
    "model_params": {
        "center_of_mass": [-0.00044836904271505773, 0.00017861658125184476, 0.0],
        "mass": 0.1453000009059906,
        "inertia": 0.0002974349190481007,
        "configuration_matrix": [
            [0.0, 0.0, -5.960257053375244, 5.960257053375244, 5.960257530212402, -5.960257530212402],
            [6.882312297821045, -6.882312297821045, -3.4411566257476807, 3.4411566257476807, -3.441155433654785, 3.441155433654785],
            [82.2405014038086, -82.2405014038086, 82.24050903320312, -82.24050903320312, 82.24050903320312, -82.2405014038086]
        ],
        "signal2thrust": [
            [0.0639803409576416, 0.9712731838226318, -0.45002317428588867],
            [0.045338500291109085, 0.9935392737388611, -0.5772222280502319],
            [0.04987967014312744, 0.9769487380981445, -0.5266631245613098],
            [0.05065359175205231, 1.0047030448913574, -0.46143099665641785],
            [0.024872533977031708, 1.0453852415084839, -0.4371469020843506],
            [0.06073600798845291, 0.9990360736846924, -0.5044354796409607]
        ],
        "motor_angle_offset": -0.11784486472606659,
        "motors_vec": [
            [0.11757229268550873, 0.9930643439292908, 0.0],
            [-0.11757229268550873, -0.9930643439292908, 0.0],
            [-0.9188050627708435, -0.3947116732597351, 0.0],
            [0.9188050627708435, 0.3947116732597351, 0.0],
            [0.8012327551841736, -0.5983527898788452, 0.0],
            [-0.8012327551841736, 0.5983527898788452, 0.0]
        ],
        "motors_pos": [
            [0.041978925466537476, -0.02007478103041649, 0.0],
            [0.04550609365105629, 0.009717129170894623, 0.0],
            [-0.003604198805987835, 0.046392206102609634, 0.0],
            [-0.031168334186077118, 0.03455086424946785, 0.0],
            [-0.03837473317980766, -0.026317428797483444, 0.0],
            [-0.01433777529746294, -0.04426799342036247, 0.0]
        ],
        "tau": 0.02848590910434723
    }
}